{
    "$schema": "https://schema.management.azure.com/schemas/2015-01-01/deploymentParameters.json#",
    "contentVersion": "1.0.0.0",
    "parameters": {
        "IotHubs_iothub_rg_az220_connectionString": {
            "value": null
        },
        "IotHubs_iothub_rg_az220_containerName": {
            "value": null
        },
        "environments_tsi_rg_az220_managementKey": {
            "value": null
        },
        "eventsources_evh_tsi_rg_az220_sharedAccessKey": {
            "value": null
        },
        "sites_funcapp_rg_az220_name": {
            "value": null
        },
        "IotHubs_iothub_rg_az220_name": {
            "value": null
        },
        "serverfarms_ASP_rgaz220_a04a_name": {
            "value": null
        },
        "storageAccounts_rgaz220ann_name": {
            "value": null
        },
        "storageAccounts_tsirgaz220_name": {
            "value": null
        },
        "systemTopics_evg_rg_az220_name": {
            "value": null
        },
        "storageAccounts_rgaz220ab6f_name": {
            "value": null
        },
        "components_funcapp_rg_az220_name": {
            "value": null
        },
        "storageAccounts_tsirgaz220storage_name": {
            "value": null
        },
        "environments_tsi_rg_az220_name": {
            "value": null
        },
        "userAssignedIdentities_az220ID_name": {
            "value": null
        },
        "components_app_insights_funcapp_rg_az220_name": {
            "value": null
        },
        "namespaces_evh_rg_az220_fbbf986d_ed65_449f_b070_431f46d42453_name": {
            "value": null
        },
        "smartdetectoralertrules_failure_anomalies___funcapp_rg_az220_name": {
            "value": null
        },
        "smartdetectoralertrules_failure_anomalies___app_insights_funcapp_rg_az220_name": {
            "value": null
        },
        "digitalTwinsInstances_adt_az220_training_fbbf986d_ed65_449f_b070_431f46d42453_name": {
            "value": null
        },
        "actiongroups_application_insights_smart_detection_externalid": {
            "value": null
        },
        "workspaces_DefaultWorkspace_5e318eae_b22d_4cbc_aed9_c6d36d0f4d73_SUK_externalid": {
            "value": null
        }
    }
}